{"client":"Thunder Client","collectionName":"twitter","dateExported":"2022-01-22T06:37:03.756Z","version":"1.1","folders":[{"containerId":"","sortNum":10000,"name":"User","_id":"5225956b-474a-43cb-88d8-eb844fdc1dfb","created":"2022-01-22T04:11:58.299Z"},{"containerId":"","sortNum":20000,"name":"Tweet","_id":"352e5956-7671-4f6d-84a6-82043b4ec3d1","created":"2022-01-22T04:12:04.193Z"}],"requests":[{"containerId":"5225956b-474a-43cb-88d8-eb844fdc1dfb","sortNum":10000,"headers":[{"name":"Accept","value":"*/*"},{"name":"User-Agent","value":"Thunder Client (https://www.thunderclient.com)"}],"colId":"833561a6-37b1-4ced-ac62-768c6dca40f3","name":"Signup","url":"{{URL}}/user/signup","method":"POST","modified":"2022-01-22T05:31:25.751Z","created":"2022-01-22T04:12:25.088Z","_id":"932250e2-f58c-44a3-a8f3-2c51cf45669c","params":[],"body":{"type":"json","raw":"{\n    \"firstName\": \"sujit\",\n    \"lastName\": \"kulkarni\",\n    \"email\": \"amit.kulkarni@sunbeaminfo.com\",\n    \"password\": \"test\",\n    \"handle\": \"amitk\"\n}","form":[]},"tests":[]},{"containerId":"5225956b-474a-43cb-88d8-eb844fdc1dfb","sortNum":20000,"headers":[{"name":"Accept","value":"*/*"},{"name":"User-Agent","value":"Thunder Client (https://www.thunderclient.com)"}],"colId":"833561a6-37b1-4ced-ac62-768c6dca40f3","name":"Signin","url":"{{URL}}/user/signin","method":"POST","modified":"2022-01-22T06:20:36.735Z","created":"2022-01-22T04:19:14.647Z","_id":"b18d965d-db4f-42a9-86ab-335dd38e8187","params":[],"body":{"type":"json","raw":"{\n    \"email\": \"amit.kulkarni@sunbeaminfo.com\",\n    \"password\": \"test\"\n}","form":[]},"tests":[]},{"containerId":"5225956b-474a-43cb-88d8-eb844fdc1dfb","sortNum":30000,"headers":[{"name":"Accept","value":"*/*"},{"name":"User-Agent","value":"Thunder Client (https://www.thunderclient.com)"},{"name":"token","value":"{{token}}"}],"colId":"833561a6-37b1-4ced-ac62-768c6dca40f3","name":"Get Profile","url":"{{URL}}/user/profile","method":"GET","modified":"2022-01-22T04:34:15.662Z","created":"2022-01-22T04:33:08.904Z","_id":"a5887dbc-1bea-4d06-b1e2-64943a409050","params":[],"tests":[]},{"containerId":"5225956b-474a-43cb-88d8-eb844fdc1dfb","sortNum":40000,"headers":[{"name":"Accept","value":"*/*"},{"name":"User-Agent","value":"Thunder Client (https://www.thunderclient.com)"},{"name":"token","value":"{{token}}"}],"colId":"833561a6-37b1-4ced-ac62-768c6dca40f3","name":"Update profile","url":"{{URL}}/user/profile","method":"PUT","modified":"2022-01-22T04:39:39.496Z","created":"2022-01-22T04:38:03.433Z","_id":"09d55e1f-e0fc-408d-bb6b-b05cfbf45b78","params":[],"body":{"type":"json","raw":"{\n    \"firstName\": \"amit\",\n    \"lastName\": \"kulkarni\",\n    \"bio\": \"this is my first time using twitter.\"\n}","form":[]},"tests":[]},{"containerId":"5225956b-474a-43cb-88d8-eb844fdc1dfb","sortNum":50000,"headers":[{"name":"Accept","value":"*/*"},{"name":"User-Agent","value":"Thunder Client (https://www.thunderclient.com)"},{"name":"token","value":"{{token}}"}],"colId":"833561a6-37b1-4ced-ac62-768c6dca40f3","name":"Close account","url":"{{URL}}/user/close","method":"DELETE","modified":"2022-01-22T04:40:59.789Z","created":"2022-01-22T04:40:37.068Z","_id":"7934af5b-c6d1-4b5f-9895-5f0c9d13c923","params":[],"tests":[]},{"containerId":"5225956b-474a-43cb-88d8-eb844fdc1dfb","sortNum":60000,"headers":[{"name":"Accept","value":"*/*"},{"name":"User-Agent","value":"Thunder Client (https://www.thunderclient.com)"},{"name":"token","value":"{{token}}"}],"colId":"833561a6-37b1-4ced-ac62-768c6dca40f3","name":"Toggle Follow","url":"{{URL}}/user/toggle-follow-status/61eb84b3974b39eb5e4cc643","method":"POST","modified":"2022-01-22T05:08:43.316Z","created":"2022-01-22T04:46:47.162Z","_id":"f138379d-37d6-41e7-a8e4-5d3cdc0087ac","params":[],"tests":[]},{"containerId":"5225956b-474a-43cb-88d8-eb844fdc1dfb","sortNum":70000,"headers":[{"name":"Accept","value":"*/*"},{"name":"User-Agent","value":"Thunder Client (https://www.thunderclient.com)"},{"name":"token","value":"{{token}}"}],"colId":"833561a6-37b1-4ced-ac62-768c6dca40f3","name":"Upload Photo","url":"{{URL}}/user/profile-image","method":"POST","modified":"2022-01-22T05:13:38.199Z","created":"2022-01-22T05:12:40.624Z","_id":"1e6e097e-216c-4900-bdfb-b7ae85439720","params":[],"body":{"type":"formdata","raw":"","form":[],"files":[{"name":"photo","value":"/Users/amitk/Documents/profile_poto.jpg"}]},"tests":[]},{"containerId":"5225956b-474a-43cb-88d8-eb844fdc1dfb","sortNum":80000,"headers":[{"name":"Accept","value":"*/*"},{"name":"User-Agent","value":"Thunder Client (https://www.thunderclient.com)"}],"colId":"833561a6-37b1-4ced-ac62-768c6dca40f3","name":"Forgot Password","url":"{{URL}}/user/forgot-password","method":"POST","modified":"2022-01-22T06:07:18.360Z","created":"2022-01-22T06:06:52.181Z","_id":"104370ef-6338-4b27-a5ab-093aa87b4b7a","params":[],"body":{"type":"json","raw":"{\n    \"email\": \"amit.kulkarni@sunbeaminfo.com\"\n}","form":[]},"tests":[]},{"containerId":"352e5956-7671-4f6d-84a6-82043b4ec3d1","sortNum":90000,"headers":[{"name":"Accept","value":"*/*"},{"name":"User-Agent","value":"Thunder Client (https://www.thunderclient.com)"},{"name":"token","value":"{{token}}"}],"colId":"833561a6-37b1-4ced-ac62-768c6dca40f3","name":"Creaet Tweet","url":"{{URL}}/tweet/","method":"POST","modified":"2022-01-22T06:21:16.055Z","created":"2022-01-22T06:15:05.716Z","_id":"a3342db3-a694-428d-ab1e-ae91de967178","params":[],"body":{"type":"json","raw":"{\n    \"message\": \"OMG IT'S A LAPTOP WHERE I TELL IT WHAT TO DO AND IT DOES SO WITHOUT LATENCY!?\"\n}","form":[]},"tests":[]},{"containerId":"352e5956-7671-4f6d-84a6-82043b4ec3d1","sortNum":100000,"headers":[{"name":"Accept","value":"*/*"},{"name":"User-Agent","value":"Thunder Client (https://www.thunderclient.com)"},{"name":"token","value":"{{token}}"}],"colId":"833561a6-37b1-4ced-ac62-768c6dca40f3","name":"Get All Tweets","url":"{{URL}}/tweet/all","method":"GET","modified":"2022-01-22T06:19:27.653Z","created":"2022-01-22T06:19:06.247Z","_id":"94a3613b-fc67-47ec-bc6c-d151a192caa1","params":[],"tests":[]},{"containerId":"352e5956-7671-4f6d-84a6-82043b4ec3d1","sortNum":110000,"headers":[{"name":"Accept","value":"*/*"},{"name":"User-Agent","value":"Thunder Client (https://www.thunderclient.com)"},{"name":"token","value":"{{token}}"}],"colId":"833561a6-37b1-4ced-ac62-768c6dca40f3","name":"Get my tweetts","url":"{{URL}}/tweet/my","method":"GET","modified":"2022-01-22T06:22:20.182Z","created":"2022-01-22T06:22:00.628Z","_id":"ccc440d3-4c8a-428c-8778-4954ca11a736","params":[],"tests":[]},{"containerId":"352e5956-7671-4f6d-84a6-82043b4ec3d1","sortNum":120000,"headers":[{"name":"Accept","value":"*/*"},{"name":"User-Agent","value":"Thunder Client (https://www.thunderclient.com)"},{"name":"token","value":"{{token}}"}],"colId":"833561a6-37b1-4ced-ac62-768c6dca40f3","name":"Toggle Like tweet","url":"{{URL}}/tweet/toggle-like/61eba251fd8b64d641416b93","method":"POST","modified":"2022-01-22T06:31:08.687Z","created":"2022-01-22T06:29:04.908Z","_id":"8fc24de8-bd55-455d-a172-443906f0e850","params":[],"tests":[]},{"containerId":"352e5956-7671-4f6d-84a6-82043b4ec3d1","sortNum":130000,"headers":[{"name":"Accept","value":"*/*"},{"name":"User-Agent","value":"Thunder Client (https://www.thunderclient.com)"},{"name":"token","value":"{{token}}"}],"colId":"833561a6-37b1-4ced-ac62-768c6dca40f3","name":"Reply Tweet","url":"{{URL}}/tweet/reply/61eba251fd8b64d641416b93","method":"POST","modified":"2022-01-22T06:34:45.787Z","created":"2022-01-22T06:33:55.056Z","_id":"c2a2d03d-de03-4fc0-bae0-fad528ad36c2","params":[],"body":{"type":"json","raw":"{\n    \"message\": \"this is a nice tweet..\"\n}","form":[]},"tests":[]}]}
